objectid_1,objectid,put,piezometer,sun_code,gebiedscod,peilbuis,lengte_mee,filterdiep,x_rd_crd,y_rd_crd,constructi,min_monito,max_monito,standen,hoogte_mv,peilbuis_n,filter_bov,filter_ond,gegevens_b,eigenaar,beherende_,waarnemer,object,planeenhei,beheergebi,provincial,plan_nr,cmsi_code,statusehs,recreati_1,beheerty_1,projnaam,naam_n2k,beschermin,local_ha_1,local_ha_2,nummer,pas,naam_meetn,sun_code_1,gebiedsc_1,meetpuntco,toelichtin,status
1,9497,B55A0373,1,19550303B003A,19550303,B003A,24.0520547945,1.58,66600,369400,1992-12-01 00:00:00+01,1993-07-15 00:00:00+02,2017-07-28 00:00:00+02,528,0.25,0.89,-1.08,-1.58,Staatsbosbeheer,STAATSBOSBEHEER REGIO ZUID,STAATSBOSBEHEER REGIO ZUID,STAATSBOSBEHEER REGIO ZUID,Hontenisse en Hulst,Zeeuws-Vlaanderen,Zeeland-Zuid,Zeeland,62,1606,0,R2,N05.01, , , , , ,0, ,Vlaamse Kreken,19550303B003A,19550303,B003A, ,Afgesloten
2,9498,B55A0373,2,19550303B003B,19550303,B003B,24.0520547945,4.75,66600,369400,1992-12-01 00:00:00+01,1993-07-15 00:00:00+02,2017-07-28 00:00:00+02,528,0.25,0.87,-4.25,-4.75,Staatsbosbeheer,STAATSBOSBEHEER REGIO ZUID,STAATSBOSBEHEER REGIO ZUID,STAATSBOSBEHEER REGIO ZUID,Hontenisse en Hulst,Zeeuws-Vlaanderen,Zeeland-Zuid,Zeeland,62,1606,0,R2,N05.01, , , , , ,0, ,Vlaamse Kreken,19550303B003B,19550303,B003B, ,Afgesloten
3,9499,B55A0374,1,19550303B004A,19550303,B004A,24.4712328767,1.78,66640,369385,1992-12-01 00:00:00+01,1993-07-15 00:00:00+02,2017-12-28 00:00:00+01,546,0.39,0.64,-1.14,-1.64,Staatsbosbeheer,STAATSBOSBEHEER REGIO ZUID,STAATSBOSBEHEER REGIO ZUID,STAATSBOSBEHEER REGIO ZUID,Hontenisse en Hulst,Zeeuws-Vlaanderen,Zeeland-Zuid,Zeeland,62,1606,0,R2,N05.01, , , , , ,0, ,Vlaamse Kreken,19550303B004A,19550303,B004A, ,Afstoten
4,9500,B55A0374,2,19550303B004B,19550303,B004B,24.4712328767,5.36,66640,369385,1992-12-01 00:00:00+01,1993-07-15 00:00:00+02,2017-12-28 00:00:00+01,546,0.39,0.63,-4.72,-5.22,Staatsbosbeheer,STAATSBOSBEHEER REGIO ZUID,STAATSBOSBEHEER REGIO ZUID,STAATSBOSBEHEER REGIO ZUID,Hontenisse en Hulst,Zeeuws-Vlaanderen,Zeeland-Zuid,Zeeland,62,1606,0,R2,N05.01, , , , , ,0, ,Vlaamse Kreken,19550303B004B,19550303,B004B, ,Afstoten
5,7228,B42D0542,1,81151305B002,81151305,B002,22.8904109589,1.68,34328,401081,1994-12-13 00:00:00+01,1995-01-13 00:00:00+01,2017-11-28 00:00:00+01,403,0.66,1.27,-0.52,-1.52,Staatsbosbeheer,STAATSBOSBEHEER REGIO ZUID,STAATSBOSBEHEER REGIO ZUID,STAATSBOSBEHEER REGIO ZUID,Veerse Meer,Veerse Meer,Zeeland-Zuid,Zeeland,145,1600,0,R2,N10.02, , , , , ,0, ,Veerse Meer (Schotsman),81151305B002,81151305,B002, ,Afstoten
6,7235,B42D0804,1,81151305B015A,81151305,B015A,9.87945205479,0.35,34501,400414,2005-02-01 00:00:00+01,2008-01-14 00:00:00+01,2017-11-28 00:00:00+01,209,0.25,0.75,0.15,-0.35,Staatsbosbeheer,STAATSBOSBEHEER REGIO ZUID,STAATSBOSBEHEER REGIO ZUID,STAATSBOSBEHEER REGIO ZUID,Veerse Meer,Veerse Meer,Zeeland-Zuid,Zeeland,145,1600,0,R2,N10.02, , , , , ,0, ,Veerse Meer (Schotsman),81151305B015A,81151305,B015A, ,Afstoten
7,7236,B42D0805,1,81151305B015B,81151305,B015B,9.87945205479,1.34,34501,400413,2005-02-01 00:00:00+01,2008-01-14 00:00:00+01,2017-11-28 00:00:00+01,209,0.25,0.74,-0.84,-1.34,Staatsbosbeheer,STAATSBOSBEHEER REGIO ZUID,STAATSBOSBEHEER REGIO ZUID,STAATSBOSBEHEER REGIO ZUID,Veerse Meer,Veerse Meer,Zeeland-Zuid,Zeeland,145,1600,0,R2,N10.02, , , , , ,0, ,Veerse Meer (Schotsman),81151305B015B,81151305,B015B, ,Afstoten
8,7237,B42D0806,1,81151305B016A,81151305,B016A,8.71232876712,0.35,34462,400468,2005-02-01 00:00:00+01,2008-01-14 00:00:00+01,2016-09-28 00:00:00+02,183,0.38,0.88,0.28,-0.22,Staatsbosbeheer,STAATSBOSBEHEER REGIO ZUID,STAATSBOSBEHEER REGIO ZUID,STAATSBOSBEHEER REGIO ZUID,Veerse Meer,Veerse Meer,Zeeland-Zuid,Zeeland,145,1600,0,R2,N10.02, , , , , ,0, ,Veerse Meer (Schotsman),81151305B016A,81151305,B016A, ,Afgesloten
9,7238,B42D0807,1,81151305B016B,81151305,B016B,8.71232876712,1.29,34462,400467,2005-02-01 00:00:00+01,2008-01-14 00:00:00+01,2016-09-28 00:00:00+02,183,0.38,0.88,-0.66,-1.16,Staatsbosbeheer,STAATSBOSBEHEER REGIO ZUID,STAATSBOSBEHEER REGIO ZUID,STAATSBOSBEHEER REGIO ZUID,Veerse Meer,Veerse Meer,Zeeland-Zuid,Zeeland,145,1600,0,R2,N10.02, , , , , ,0, ,Veerse Meer (Schotsman),81151305B016B,81151305,B016B, ,Afgesloten
10,7241,B42D0810,1,81151305B018A,81151305,B018A,8.71232876712,0.93,34570,400542,2005-02-01 00:00:00+01,2008-01-14 00:00:00+01,2016-09-28 00:00:00+02,183,0.61,1.13,-0.07,-0.57,Staatsbosbeheer,STAATSBOSBEHEER REGIO ZUID,STAATSBOSBEHEER REGIO ZUID,STAATSBOSBEHEER REGIO ZUID,Veerse Meer,Veerse Meer,Zeeland-Zuid,Zeeland,145,1600,0,R2,N10.02, , , , , ,0, ,Veerse Meer (Schotsman),81151305B018A,81151305,B018A, ,Afgesloten
11,7223,B42D0539,1,81151305B001,81151305,B001,21.7232876712,1.64,35106,401435,1994-12-13 00:00:00+01,1995-01-13 00:00:00+01,2016-09-28 00:00:00+02,482,1.47,2.17,0.33,-0.67,Staatsbosbeheer,STAATSBOSBEHEER REGIO ZUID,STAATSBOSBEHEER REGIO ZUID,STAATSBOSBEHEER REGIO ZUID,Veerse Meer,Veerse Meer,Zeeland-Zuid,Zeeland,145,1600,0,R2,N11.01, , , , , ,0, ,Veerse Meer (Schotsman),81151305B001,81151305,B001, ,Afgesloten
12,7229,B42D0543,1,81151305B003,81151305,B003,22.8904109589,1.72,34546,401100,1994-12-13 00:00:00+01,1995-01-13 00:00:00+01,2017-11-28 00:00:00+01,507,1.29,1.97,0.07,-0.93,Staatsbosbeheer,STAATSBOSBEHEER REGIO ZUID,STAATSBOSBEHEER REGIO ZUID,STAATSBOSBEHEER REGIO ZUID,Veerse Meer,Veerse Meer,Zeeland-Zuid,Zeeland,145,1600,0,R2,N11.01, , , , , ,0, ,Veerse Meer (Schotsman),81151305B003,81151305,B003, ,Afstoten
13,9490,B54F0111,1,19550307B003A,19550307,B003A,24.0520547945,1.01,57410,370935,1992-11-25 00:00:00+01,1993-07-15 00:00:00+02,2017-07-28 00:00:00+02,533,-1.52,-1.11,-2.28,-2.78,Staatsbosbeheer,STAATSBOSBEHEER REGIO ZUID,STAATSBOSBEHEER REGIO ZUID,STAATSBOSBEHEER REGIO ZUID,Hontenisse en Hulst,Zeeuws-Vlaanderen,Zeeland-Zuid,Zeeland,62,1606,0,R2,N12.02, , , , , ,0, ,Het Koegat,19550307B003A,19550307,B003A, ,Afgesloten
14,9491,B54F0111,2,19550307B003B,19550307,B003B,24.0520547945,4.62,57410,370935,1992-11-25 00:00:00+01,1993-07-15 00:00:00+02,2017-07-28 00:00:00+02,531,-1.52,-1.13,-5.89,-6.39,Staatsbosbeheer,STAATSBOSBEHEER REGIO ZUID,STAATSBOSBEHEER REGIO ZUID,STAATSBOSBEHEER REGIO ZUID,Hontenisse en Hulst,Zeeuws-Vlaanderen,Zeeland-Zuid,Zeeland,62,1606,0,R2,N12.02, , , , , ,0, ,Het Koegat,19550307B003B,19550307,B003B, ,Afgesloten
15,9493,B55A0371,1,19550303B001A,19550303,B001A,24.4712328767,1,66460,369480,1992-12-01 00:00:00+01,1993-07-15 00:00:00+02,2017-12-28 00:00:00+01,544,0.02,0.01,-0.53,-1.43,Staatsbosbeheer,STAATSBOSBEHEER REGIO ZUID,STAATSBOSBEHEER REGIO ZUID,STAATSBOSBEHEER REGIO ZUID,Hontenisse en Hulst,Zeeuws-Vlaanderen,Zeeland-Zuid,Zeeland,62,1606,0,R2,N12.02, , , , , ,0, , , ,0, , ,Afstoten
16,9494,B55A0371,2,19550303B001B,19550303,B001B,24.4712328767,2.58,66460,369480,1992-12-01 00:00:00+01,1993-07-15 00:00:00+02,2017-12-28 00:00:00+01,546,0.02,-0.03,-2.31,-2.81,Staatsbosbeheer,STAATSBOSBEHEER REGIO ZUID,STAATSBOSBEHEER REGIO ZUID,STAATSBOSBEHEER REGIO ZUID,Hontenisse en Hulst,Zeeuws-Vlaanderen,Zeeland-Zuid,Zeeland,62,1606,0,R2,N12.02, , , , , ,0, , , ,0, , ,Afstoten
17,9495,B55A0372,1,19550303B002A,19550303,B002A,24.0520547945,1.96,66480,369470,1992-12-01 00:00:00+01,1993-07-15 00:00:00+02,2017-07-28 00:00:00+02,528,-0.55,0.08,-2.26,-2.76,Staatsbosbeheer,STAATSBOSBEHEER REGIO ZUID,STAATSBOSBEHEER REGIO ZUID,STAATSBOSBEHEER REGIO ZUID,Hontenisse en Hulst,Zeeuws-Vlaanderen,Zeeland-Zuid,Zeeland,62,1606,0,R2,N12.02, , , , , ,0, ,Vlaamse Kreken,19550303B002A,19550303,B002A, ,Afgesloten
18,9496,B55A0372,2,19550303B002B,19550303,B002B,24.0520547945,6.36,66480,369470,1992-12-01 00:00:00+01,1993-07-15 00:00:00+02,2017-07-28 00:00:00+02,528,-0.55,0.04,-6.66,-7.16,Staatsbosbeheer,STAATSBOSBEHEER REGIO ZUID,STAATSBOSBEHEER REGIO ZUID,STAATSBOSBEHEER REGIO ZUID,Hontenisse en Hulst,Zeeuws-Vlaanderen,Zeeland-Zuid,Zeeland,62,1606,0,R2,N12.02, , , , , ,0, ,Vlaamse Kreken,19550303B002B,19550303,B002B, ,Afgesloten
19,9503,B55A0376,1,19550303B006A,19550303,B006A,24.0520547945,0.96,66160,368970,1992-12-01 00:00:00+01,1993-07-15 00:00:00+02,2017-07-28 00:00:00+02,516,-0.04,-0.06,-0.75,-1.25,Staatsbosbeheer,STAATSBOSBEHEER REGIO ZUID,STAATSBOSBEHEER REGIO ZUID,STAATSBOSBEHEER REGIO ZUID,Hontenisse en Hulst,Zeeuws-Vlaanderen,Zeeland-Zuid,Zeeland,62,1606,0,R2,N12.02, , , , , ,0, ,Vlaamse Kreken,19550303B006A,19550303,B006A, ,Afgesloten
20,9504,B55A0376,2,19550303B006B,19550303,B006B,24.0520547945,4.44,66160,368970,1992-12-01 00:00:00+01,1993-07-15 00:00:00+02,2017-07-28 00:00:00+02,516,-0.04,-0.08,-4.23,-4.73,Staatsbosbeheer,STAATSBOSBEHEER REGIO ZUID,STAATSBOSBEHEER REGIO ZUID,STAATSBOSBEHEER REGIO ZUID,Hontenisse en Hulst,Zeeuws-Vlaanderen,Zeeland-Zuid,Zeeland,62,1606,0,R2,N12.02, , , , , ,0, ,Vlaamse Kreken,19550303B006B,19550303,B006B, ,Afgesloten
21,9505,B55A0377,1,19550303B007A,19550303,B007A,24.0520547945,1.5,66190,368940,1992-12-01 00:00:00+01,1993-07-15 00:00:00+02,2017-07-28 00:00:00+02,515,-0.11,0.5,-1.36,-1.86,Staatsbosbeheer,STAATSBOSBEHEER REGIO ZUID,STAATSBOSBEHEER REGIO ZUID,STAATSBOSBEHEER REGIO ZUID,Hontenisse en Hulst,Zeeuws-Vlaanderen,Zeeland-Zuid,Zeeland,62,1606,0,R2,N12.02, , , , , ,0, ,Vlaamse Kreken,19550303B007A,19550303,B007A, ,Afgesloten
22,9506,B55A0377,2,19550303B007B,19550303,B007B,24.0520547945,3.88,66190,368940,1992-12-01 00:00:00+01,1993-07-15 00:00:00+02,2017-07-28 00:00:00+02,515,-0.11,0.47,-3.74,-4.24,Staatsbosbeheer,STAATSBOSBEHEER REGIO ZUID,STAATSBOSBEHEER REGIO ZUID,STAATSBOSBEHEER REGIO ZUID,Hontenisse en Hulst,Zeeuws-Vlaanderen,Zeeland-Zuid,Zeeland,62,1606,0,R2,N12.02, , , , , ,0, ,Vlaamse Kreken,19550303B007B,19550303,B007B, ,Afgesloten
23,9507,B55A0378,1,19550303B008A,19550303,B008A,24.0520547945,0.84,66210,368920,1992-12-01 00:00:00+01,1993-07-15 00:00:00+02,2017-07-28 00:00:00+02,516,-0.62,-0.13,-1.21,-1.71,Staatsbosbeheer,STAATSBOSBEHEER REGIO ZUID,STAATSBOSBEHEER REGIO ZUID,STAATSBOSBEHEER REGIO ZUID,Hontenisse en Hulst,Zeeuws-Vlaanderen,Zeeland-Zuid,Zeeland,62,1606,0,R2,N12.02, , , , , ,0, ,Vlaamse Kreken,19550303B008A,19550303,B008A, ,Afgesloten
24,9508,B55A0378,2,19550303B008B,19550303,B008B,24.0520547945,5.56,66210,368920,1992-12-01 00:00:00+01,1993-07-15 00:00:00+02,2017-07-28 00:00:00+02,516,-0.62,-0.18,-5.93,-6.43,Staatsbosbeheer,STAATSBOSBEHEER REGIO ZUID,STAATSBOSBEHEER REGIO ZUID,STAATSBOSBEHEER REGIO ZUID,Hontenisse en Hulst,Zeeuws-Vlaanderen,Zeeland-Zuid,Zeeland,62,1606,0,R2,N12.02, , , , , ,0, ,Vlaamse Kreken,19550303B008B,19550303,B008B, ,Afgesloten
25,8182,B48F0231,1,81151211B003A,81151211,B003A,19.4712328767,4.8,57381,389003,1989-10-01 00:00:00+01,1997-04-14 00:00:00+02,2016-09-28 00:00:00+02,397,-1.33,-0.36,-5.63,-6.63,Staatsbosbeheer,STAATSBOSBEHEER REGIO ZUID,STAATSBOSBEHEER REGIO ZUID,STAATSBOSBEHEER REGIO ZUID,Zuid-Beveland,Zuid-Beveland,Zeeland-Zuid,Zeeland,61,1598,0,R2,N12.02, , , , , ,0, ,Zuid Beveland (Kapelse Moer),81151211B003A,81151211,B003A, ,Afgesloten
26,8183,B48F0231,2,81151211B003B,81151211,B003B,19.4712328767,9.75,57381,389003,1989-10-01 00:00:00+01,1997-04-14 00:00:00+02,2016-09-28 00:00:00+02,398,-1.33,-0.38,-10.58,-11.58,Staatsbosbeheer,STAATSBOSBEHEER REGIO ZUID,STAATSBOSBEHEER REGIO ZUID,STAATSBOSBEHEER REGIO ZUID,Zuid-Beveland,Zuid-Beveland,Zeeland-Zuid,Zeeland,61,1598,0,R2,N12.02, , , , , ,0, ,Zuid Beveland (Kapelse Moer),81151211B003B,81151211,B003B, ,Afgesloten
27,8184,B48F0231,3,81151211B003C,81151211,B003C,19.4712328767,13.44,57381,389003,1989-10-01 00:00:00+01,1997-04-14 00:00:00+02,2016-09-28 00:00:00+02,397,-1.33,-0.44,-14.27,-15.27,Staatsbosbeheer,STAATSBOSBEHEER REGIO ZUID,STAATSBOSBEHEER REGIO ZUID,STAATSBOSBEHEER REGIO ZUID,Zuid-Beveland,Zuid-Beveland,Zeeland-Zuid,Zeeland,61,1598,0,R2,N12.02, , , , , ,0, ,Zuid Beveland (Kapelse Moer),81151211B003C,81151211,B003C, ,Afgesloten
28,9463,B54E0355,1,19550304B002A,19550304,B002A,24.0520547945,1.24,44460,369570,1992-11-24 00:00:00+01,1993-07-15 00:00:00+02,2017-07-28 00:00:00+02,528,-0.77,-0.03,-1.76,-2.26,Staatsbosbeheer,STAATSBOSBEHEER REGIO ZUID,STAATSBOSBEHEER REGIO ZUID,STAATSBOSBEHEER REGIO ZUID,Braakman,Zeeuws-Vlaanderen,Zeeland-Zuid,Zeeland,62,1608,0,R2,N12.04, , , , , ,0, ,Braakman,19550304B002A,19550304,B002A, ,Afgesloten
29,9464,B54E0355,2,19550304B002B,19550304,B002B,24.0520547945,5.75,44460,369570,1992-11-24 00:00:00+01,1993-07-15 00:00:00+02,2017-07-28 00:00:00+02,526,-0.77,-0.07,-6.27,-6.77,Staatsbosbeheer,STAATSBOSBEHEER REGIO ZUID,STAATSBOSBEHEER REGIO ZUID,STAATSBOSBEHEER REGIO ZUID,Braakman,Zeeuws-Vlaanderen,Zeeland-Zuid,Zeeland,62,1608,0,R2,N12.04, , , , , ,0, ,Braakman,19550304B002B,19550304,B002B, ,Afgesloten
30,9465,B54E0356,1,19550304B003A,19550304,B003A,24.4712328767,1.22,44490,369580,1992-11-24 00:00:00+01,1993-07-15 00:00:00+02,2017-12-28 00:00:00+01,546,-0.67,0.14,-1.64,-2.14,Staatsbosbeheer,STAATSBOSBEHEER REGIO ZUID,STAATSBOSBEHEER REGIO ZUID,STAATSBOSBEHEER REGIO ZUID,Braakman,Zeeuws-Vlaanderen,Zeeland-Zuid,Zeeland,62,1608,0,R2,N12.04, , , , , ,0, ,Braakman,19550304B003A,19550304,B003A, ,Afstoten
31,9466,B54E0356,2,19550304B003B,19550304,B003B,24.4712328767,5.56,44490,369580,1992-11-24 00:00:00+01,1993-07-15 00:00:00+02,2017-12-28 00:00:00+01,546,-0.67,0.1,-5.98,-6.48,Staatsbosbeheer,STAATSBOSBEHEER REGIO ZUID,STAATSBOSBEHEER REGIO ZUID,STAATSBOSBEHEER REGIO ZUID,Braakman,Zeeuws-Vlaanderen,Zeeland-Zuid,Zeeland,62,1608,0,R2,N12.04, , , , , ,0, ,Braakman,19550304B003B,19550304,B003B, ,Afstoten
32,7233,B42D0547,1,81151305B007A,81151305,B007A,21.8575342466,1.66,35449,400442,1994-12-13 00:00:00+01,1995-01-13 00:00:00+01,2016-11-16 00:00:00+01,334,1.55,2.11,0.39,-0.61,TNO Geologische Dienst Nederland,STAATSBOSBEHEER REGIO ZUID,STAATSBOSBEHEER REGIO ZUID,Provincie Zeeland,Veerse Meer,Veerse Meer,Zeeland-Zuid,Zeeland,145,1600,0,R2,N14.03, , , , , ,0, ,Veerse Meer (Schotsman),81151305B007A,81151305,B007A, ,Afstoten
33,7234,B42D0547,2,81151305B007B,81151305,B007B,21.8575342466,5.6,35449,400442,1994-12-13 00:00:00+01,1995-01-13 00:00:00+01,2016-11-16 00:00:00+01,429,1.55,2.08,-3.55,-4.55,TNO Geologische Dienst Nederland,STAATSBOSBEHEER REGIO ZUID,STAATSBOSBEHEER REGIO ZUID,Provincie Zeeland,Veerse Meer,Veerse Meer,Zeeland-Zuid,Zeeland,145,1600,0,R2,N14.03, , , , , ,0, ,Veerse Meer (Schotsman),81151305B007B,81151305,B007B, ,Afstoten
34,7231,B42D0545,1,81151305B005,81151305,B005,21.7232876712,1.88,34675,400243,1994-12-13 00:00:00+01,1995-01-13 00:00:00+01,2016-09-28 00:00:00+02,480,0.81,1.33,-0.57,-1.57,Staatsbosbeheer,STAATSBOSBEHEER REGIO ZUID,STAATSBOSBEHEER REGIO ZUID,STAATSBOSBEHEER REGIO ZUID,Veerse Meer,Veerse Meer,Zeeland-Zuid,Zeeland,145,1600,0,R2,N14.03, , , , , ,0, ,Veerse Meer (Schotsman),81151305B005,81151305,B005, ,Afgesloten
35,7232,B42D0546,1,81151305B006,81151305,B006,21.7232876712,1.8,34985,400655,1994-12-13 00:00:00+01,1995-01-13 00:00:00+01,2016-09-28 00:00:00+02,481,1.03,1.58,-0.27,-1.27,Staatsbosbeheer,STAATSBOSBEHEER REGIO ZUID,STAATSBOSBEHEER REGIO ZUID,STAATSBOSBEHEER REGIO ZUID,Veerse Meer,Veerse Meer,Zeeland-Zuid,Zeeland,145,1600,0,R2,N14.03, , , , , ,0, ,Veerse Meer (Schotsman),81151305B006,81151305,B006, ,Afgesloten
36,7239,B42D0808,1,81151305B017A,81151305,B017A,12.1753424658,0.34,34442,400500,2005-02-01 00:00:00+01,2005-09-28 00:00:00+02,2017-11-28 00:00:00+01,209,0.29,0.8,0.2,-0.3,Staatsbosbeheer,STAATSBOSBEHEER REGIO ZUID,STAATSBOSBEHEER REGIO ZUID,STAATSBOSBEHEER REGIO ZUID,Veerse Meer,Veerse Meer,Zeeland-Zuid,Zeeland,145,1600,0,R2,N14.03, , , , , ,0, ,Veerse Meer (Schotsman),81151305B017A,81151305,B017A, ,Afstoten
37,7240,B42D0809,1,81151305B017B,81151305,B017B,12.1753424658,1.34,34442,400501,2005-02-01 00:00:00+01,2005-09-28 00:00:00+02,2017-11-28 00:00:00+01,209,0.28,0.79,-0.81,-1.31,Staatsbosbeheer,STAATSBOSBEHEER REGIO ZUID,STAATSBOSBEHEER REGIO ZUID,STAATSBOSBEHEER REGIO ZUID,Veerse Meer,Veerse Meer,Zeeland-Zuid,Zeeland,145,1600,0,R2,N14.03, , , , , ,0, ,Veerse Meer (Schotsman),81151305B017B,81151305,B017B, ,Afstoten
38,7230,B42D0544,1,81151305B004,81151305,B004,22.8904109589,1.78,34916,401085,1994-12-13 00:00:00+01,1995-01-13 00:00:00+01,2017-11-28 00:00:00+01,500,1.25,1.81,-0.03,-1.03,Staatsbosbeheer,STAATSBOSBEHEER REGIO ZUID,STAATSBOSBEHEER REGIO ZUID,STAATSBOSBEHEER REGIO ZUID,Veerse Meer,Veerse Meer,Zeeland-Zuid,Zeeland,145,1600,0,R2,N14.03, , , , , ,0, ,Veerse Meer (Schotsman),81151305B004,81151305,B004, ,Afstoten
39,9501,B55A0375,1,19550303B005A,19550303,B005A,24.0520547945,3.16,66670,369360,1992-12-01 00:00:00+01,1993-07-15 00:00:00+02,2017-07-28 00:00:00+02,530,0.7,0.7,-2.21,-2.71,Staatsbosbeheer,STAATSBOSBEHEER REGIO ZUID,STAATSBOSBEHEER REGIO ZUID,STAATSBOSBEHEER REGIO ZUID,Hontenisse en Hulst,Zeeuws-Vlaanderen,Zeeland-Zuid,Zeeland,62,1606,0, ,A01.02, , , , , ,0, ,Vlaamse Kreken,19550303B005A,19550303,B005A, ,Afgesloten
40,9502,B55A0375,2,19550303B005B,19550303,B005B,24.0520547945,5.43,66670,369360,1992-12-01 00:00:00+01,1993-07-15 00:00:00+02,2017-07-28 00:00:00+02,528,0.7,0.64,-4.48,-4.98,Staatsbosbeheer,STAATSBOSBEHEER REGIO ZUID,STAATSBOSBEHEER REGIO ZUID,STAATSBOSBEHEER REGIO ZUID,Hontenisse en Hulst,Zeeuws-Vlaanderen,Zeeland-Zuid,Zeeland,62,1606,0, ,A01.02, , , , , ,0, ,Vlaamse Kreken,19550303B005B,19550303,B005B, ,Afgesloten
41,9483,B54E0378,1,19550312B031,19550312,B031,12.6356164384,0.87,40366,373714,2005-04-07 00:00:00+02,2005-05-13 00:00:00+02,2017-12-28 00:00:00+01,286,0.3,0.86,0.18,-1.32,Staatsbosbeheer,STAATSBOSBEHEER REGIO ZUID,STAATSBOSBEHEER REGIO ZUID,STAATSBOSBEHEER REGIO ZUID,Braakman,Zeeuws-Vlaanderen,Zeeland-Zuid,Zeeland,62,1608,0, ,A01.02, , , , , ,0, ,Braakman,19550312B031,19550312,B031, ,Afstoten
42,8188,B48F0233,1,81151211B005A,81151211,B005A,19.4712328767,6.24,58803,388144,1989-10-01 00:00:00+01,1997-04-14 00:00:00+02,2016-09-28 00:00:00+02,394,-0.71,-0.16,-6.45,-7.45,Staatsbosbeheer,STAATSBOSBEHEER REGIO ZUID,STAATSBOSBEHEER REGIO ZUID,STAATSBOSBEHEER REGIO ZUID,Zuid-Beveland,Zuid-Beveland,Zeeland-Zuid,Zeeland,61,1598,1, , ,Yerseke en Kapelse Moer, , , , ,0, ,Zuid Beveland (Kapelse Moer),81151211B005A,81151211,B005A, ,Afstoten
43,8189,B48F0233,2,81151211B005B,81151211,B005B,19.4712328767,8.6,58803,388144,1989-10-01 00:00:00+01,1997-04-14 00:00:00+02,2016-09-28 00:00:00+02,394,-0.71,-0.13,-8.81,-9.81,Staatsbosbeheer,STAATSBOSBEHEER REGIO ZUID,STAATSBOSBEHEER REGIO ZUID,STAATSBOSBEHEER REGIO ZUID,Zuid-Beveland,Zuid-Beveland,Zeeland-Zuid,Zeeland,61,1598,1, , ,Yerseke en Kapelse Moer, , , , ,0, ,Zuid Beveland (Kapelse Moer),81151211B005B,81151211,B005B, ,Afstoten
44,8190,B48F0233,3,81151211B005C,81151211,B005C,19.4712328767,14.68,58803,388144,1989-10-01 00:00:00+01,1997-04-14 00:00:00+02,2016-09-28 00:00:00+02,394,-0.71,-0.09,-14.89,-15.89,Staatsbosbeheer,STAATSBOSBEHEER REGIO ZUID,STAATSBOSBEHEER REGIO ZUID,STAATSBOSBEHEER REGIO ZUID,Zuid-Beveland,Zuid-Beveland,Zeeland-Zuid,Zeeland,61,1598,1, , ,Yerseke en Kapelse Moer, , , , ,0, ,Zuid Beveland (Kapelse Moer),81151211B005C,81151211,B005C, ,Afstoten
45,9486,B54F0109,1,19550305B004A,19550305,B004A,24.4712328767,1.58,59250,373840,1992-11-26 00:00:00+01,1993-07-15 00:00:00+02,2017-12-28 00:00:00+01,549,-1.2,-1.25,-2.53,-3.03,Staatsbosbeheer,STAATSBOSBEHEER REGIO ZUID,STAATSBOSBEHEER REGIO ZUID,STAATSBOSBEHEER REGIO ZUID,Hontenisse en Hulst,Zeeuws-Vlaanderen,Zeeland-Zuid,Zeeland,62,1606,0,R2,N13.01,De Vogel/Hengstdijkse Putting, , , , ,0, ,De Grote Putting,19550305B004A,19550305,B004A, ,Afstoten
46,9487,B54F0109,2,19550305B004B,19550305,B004B,24.4712328767,5.12,59250,373840,1992-11-26 00:00:00+01,1993-07-15 00:00:00+02,2017-12-28 00:00:00+01,549,-1.2,-1.28,-6.07,-6.57,Staatsbosbeheer,STAATSBOSBEHEER REGIO ZUID,STAATSBOSBEHEER REGIO ZUID,STAATSBOSBEHEER REGIO ZUID,Hontenisse en Hulst,Zeeuws-Vlaanderen,Zeeland-Zuid,Zeeland,62,1606,0,R2,N13.01,De Vogel/Hengstdijkse Putting, , , , ,0, ,De Grote Putting,19550305B004B,19550305,B004B, ,Afstoten
47,9488,B54F0110,1,19550305B005A,19550305,B005A,24.0520547945,1.73,59620,374690,1992-11-26 00:00:00+01,1993-07-15 00:00:00+02,2017-07-28 00:00:00+02,527,-1.48,-0.81,-2.96,-3.46,Staatsbosbeheer,STAATSBOSBEHEER REGIO ZUID,STAATSBOSBEHEER REGIO ZUID,STAATSBOSBEHEER REGIO ZUID,Hontenisse en Hulst,Zeeuws-Vlaanderen,Zeeland-Zuid,Zeeland,62,1606,0,R2,N13.01,De Vogel/Hengstdijkse Putting, , , , ,0, ,De Grote Putting,19550305B005A,19550305,B005A, ,Afstoten
48,9489,B54F0110,2,19550305B005B,19550305,B005B,24.0520547945,4.88,59620,374690,1992-11-26 00:00:00+01,1993-07-15 00:00:00+02,2017-07-28 00:00:00+02,529,-1.48,-0.83,-6.11,-6.61,Staatsbosbeheer,STAATSBOSBEHEER REGIO ZUID,STAATSBOSBEHEER REGIO ZUID,STAATSBOSBEHEER REGIO ZUID,Hontenisse en Hulst,Zeeuws-Vlaanderen,Zeeland-Zuid,Zeeland,62,1606,0,R2,N13.01,De Vogel/Hengstdijkse Putting, , , , ,0, ,De Grote Putting,19550305B005B,19550305,B005B, ,Afstoten
49,8138,B47H0108,2,81151102B001,81151102,B001,24.4712328767,1.34,19095,377020,1992-11-24 00:00:00+01,1993-07-15 00:00:00+02,2017-12-28 00:00:00+01,547,-1.08,-1.15,-2.17,-2.67,Staatsbosbeheer,STAATSBOSBEHEER REGIO ZUID,STAATSBOSBEHEER REGIO ZUID,STAATSBOSBEHEER REGIO ZUID,Zeeuws-Vlaanderen-West,Zeeuws-Vlaanderen,Zeeland-Zuid,Zeeland,62,1609,0,R2,N12.02,Strijdersgatpolder, , , , ,0, ,Zeeuws-Vlaanderen-West,81151102B001,81151102,B001, ,Afstoten
50,8139,B47H0111,1,81151102B002,81151102,B002,24.4712328767,1.29,19180,377030,1992-11-24 00:00:00+01,1993-07-15 00:00:00+02,2017-12-28 00:00:00+01,547,-0.46,0.14,-1.5,-2,Staatsbosbeheer,STAATSBOSBEHEER REGIO ZUID,STAATSBOSBEHEER REGIO ZUID,STAATSBOSBEHEER REGIO ZUID,Zeeuws-Vlaanderen-West,Zeeuws-Vlaanderen,Zeeland-Zuid,Zeeland,62,1609,0,R2,N12.02,Strijdersgatpolder, , , , ,0, ,Zeeuws-Vlaanderen-West,81151102B002,81151102,B002, ,Afstoten
51,8141,B47H0113,1,81151102B004,81151102,B004,24.4712328767,1.28,19250,376810,1992-11-24 00:00:00+01,1993-07-15 00:00:00+02,2017-12-28 00:00:00+01,547,-0.63,-0.71,-1.66,-2.16,Staatsbosbeheer,STAATSBOSBEHEER REGIO ZUID,STAATSBOSBEHEER REGIO ZUID,STAATSBOSBEHEER REGIO ZUID,Zeeuws-Vlaanderen-West,Zeeuws-Vlaanderen,Zeeland-Zuid,Zeeland,62,1609,0,R2,N12.02,Strijdersgatpolder, , , , ,0, ,Zeeuws-Vlaanderen-West,81151102B004,81151102,B004, ,Afgesloten
52,8140,B47H0112,1,81151102B005,81151102,B005,24.4712328767,2.07,19535,376790,1992-11-24 00:00:00+01,1993-07-15 00:00:00+02,2017-12-28 00:00:00+01,546,0.88,0.84,-0.94,-1.44,Staatsbosbeheer,STAATSBOSBEHEER REGIO ZUID,STAATSBOSBEHEER REGIO ZUID,STAATSBOSBEHEER REGIO ZUID,Zeeuws-Vlaanderen-West,Zeeuws-Vlaanderen,Zeeland-Zuid,Zeeland,62,1609,0,R2,N16.04,Strijdersgatpolder, , , , ,0, ,Zeeuws-Vlaanderen-West,81151102B005,81151102,B005, ,Afgesloten
53,9468,B54E0358,1,19550312B002A,19550312,B002A,24.2191780822,0.89,40300,372770,1992-12-03 00:00:00+01,1993-07-15 00:00:00+02,2017-09-27 00:00:00+02,529,1.02,0.96,0.38,-0.12,Staatsbosbeheer,STAATSBOSBEHEER REGIO ZUID,STAATSBOSBEHEER REGIO ZUID,STAATSBOSBEHEER REGIO ZUID,Braakman,Zeeuws-Vlaanderen,Zeeland-Zuid,Zeeland,62,1608,0,R2,N10.02,Braakman, , , , ,0, ,Braakman,19550312B002A,19550312,B002A, ,Afgesloten
54,9469,B54E0358,2,19550312B002B,19550312,B002B,24.2191780822,3.41,40300,372770,1992-12-03 00:00:00+01,1993-07-15 00:00:00+02,2017-09-27 00:00:00+02,529,1.02,0.94,-2.14,-2.64,Staatsbosbeheer,STAATSBOSBEHEER REGIO ZUID,STAATSBOSBEHEER REGIO ZUID,STAATSBOSBEHEER REGIO ZUID,Braakman,Zeeuws-Vlaanderen,Zeeland-Zuid,Zeeland,62,1608,0,R2,N10.02,Braakman, , , , ,0, ,Braakman,19550312B002B,19550312,B002B, ,Afgesloten
55,9470,B54E0359,1,19550312B003A,19550312,B003A,24.0520547945,0.54,40360,372740,1992-12-03 00:00:00+01,1993-07-15 00:00:00+02,2017-07-28 00:00:00+02,525,0.27,0.91,-0.02,-0.52,Staatsbosbeheer,STAATSBOSBEHEER REGIO ZUID,STAATSBOSBEHEER REGIO ZUID,STAATSBOSBEHEER REGIO ZUID,Braakman,Zeeuws-Vlaanderen,Zeeland-Zuid,Zeeland,62,1608,0,R2,N10.02,Braakman, , , , ,0, ,Braakman,19550312B003A,19550312,B003A, ,Afgesloten
56,9471,B54E0359,2,19550312B003B,19550312,B003B,24.0520547945,2.92,40360,372740,1992-12-03 00:00:00+01,1993-07-15 00:00:00+02,2017-07-28 00:00:00+02,525,0.27,0.86,-2.4,-2.9,Staatsbosbeheer,STAATSBOSBEHEER REGIO ZUID,STAATSBOSBEHEER REGIO ZUID,STAATSBOSBEHEER REGIO ZUID,Braakman,Zeeuws-Vlaanderen,Zeeland-Zuid,Zeeland,62,1608,0,R2,N10.02,Braakman, , , , ,0, ,Braakman,19550312B003B,19550312,B003B, ,Afgesloten
57,9476,B54E0362,1,19550312B006A,19550312,B006A,24.0520547945,0.5,40265,372580,1992-12-03 00:00:00+01,1993-07-15 00:00:00+02,2017-07-28 00:00:00+02,527,0.58,0.53,0.33,-0.17,Staatsbosbeheer,STAATSBOSBEHEER REGIO ZUID,STAATSBOSBEHEER REGIO ZUID,STAATSBOSBEHEER REGIO ZUID,Braakman,Zeeuws-Vlaanderen,Zeeland-Zuid,Zeeland,62,1608,0,R2,N10.02,Braakman, , , , ,0, ,Braakman,19550312B006A,19550312,B006A, ,Afgesloten
58,9477,B54E0362,2,19550312B006B,19550312,B006B,24.0520547945,1.81,40265,372580,1992-12-03 00:00:00+01,1993-07-15 00:00:00+02,2017-07-28 00:00:00+02,527,0.58,0.52,-0.98,-1.48,Staatsbosbeheer,STAATSBOSBEHEER REGIO ZUID,STAATSBOSBEHEER REGIO ZUID,STAATSBOSBEHEER REGIO ZUID,Braakman,Zeeuws-Vlaanderen,Zeeland-Zuid,Zeeland,62,1608,0,R2,N10.02,Braakman, , , , ,0, ,Braakman,19550312B006B,19550312,B006B, ,Afgesloten
59,9484,B54E0379,1,19550312B021,19550312,B021,12.6356164384,1.01,40291,372766,2005-04-07 00:00:00+02,2005-05-13 00:00:00+02,2017-12-28 00:00:00+01,286,0.26,0.82,0,-1.5,Staatsbosbeheer,STAATSBOSBEHEER REGIO ZUID,STAATSBOSBEHEER REGIO ZUID,STAATSBOSBEHEER REGIO ZUID,Braakman,Zeeuws-Vlaanderen,Zeeland-Zuid,Zeeland,62,1608,0,R2,N10.02,Braakman, , , , ,0, ,Braakman,19550312B021,19550312,B021, ,Afstoten
60,9485,B54E0380,1,19550312B032,19550312,B032,12.6356164384,0.93,40348,372705,2005-04-07 00:00:00+02,2005-05-13 00:00:00+02,2017-12-28 00:00:00+01,286,0.24,0.79,0.06,-1.44,Staatsbosbeheer,STAATSBOSBEHEER REGIO ZUID,STAATSBOSBEHEER REGIO ZUID,STAATSBOSBEHEER REGIO ZUID,Braakman,Zeeuws-Vlaanderen,Zeeland-Zuid,Zeeland,62,1608,0,R2,N10.02,Braakman, , , , ,0, ,Braakman,19550312B032,19550312,B032, ,Afstoten
61,9467,B54E0357,1,19550312B001,19550312,B001,24.0520547945,3.55,40480,373110,1992-12-03 00:00:00+01,1993-07-15 00:00:00+02,2017-07-28 00:00:00+02,527,0.91,0.86,-2.39,-2.89,Staatsbosbeheer,STAATSBOSBEHEER REGIO ZUID,STAATSBOSBEHEER REGIO ZUID,STAATSBOSBEHEER REGIO ZUID,Braakman,Zeeuws-Vlaanderen,Zeeland-Zuid,Zeeland,62,1608,0,R2,N12.02,Braakman, , , , ,0, ,Braakman,19550312B001,19550312,B001, ,Afgesloten
62,9472,B54E0360,1,19550312B004A,19550312,B004A,24.0520547945,2.38,40400,372710,1992-12-03 00:00:00+01,1993-07-15 00:00:00+02,2017-07-28 00:00:00+02,527,1.15,1.66,-0.98,-1.48,Staatsbosbeheer,STAATSBOSBEHEER REGIO ZUID,STAATSBOSBEHEER REGIO ZUID,STAATSBOSBEHEER REGIO ZUID,Braakman,Zeeuws-Vlaanderen,Zeeland-Zuid,Zeeland,62,1608,0,R2,N12.02,Braakman, , , , ,0, ,Braakman,19550312B004A,19550312,B004A, ,Afgesloten
63,9473,B54E0360,2,19550312B004B,19550312,B004B,24.0520547945,5.64,40400,372710,1992-12-03 00:00:00+01,1993-07-15 00:00:00+02,2017-07-28 00:00:00+02,527,1.15,1.6,-4.24,-4.74,Staatsbosbeheer,STAATSBOSBEHEER REGIO ZUID,STAATSBOSBEHEER REGIO ZUID,STAATSBOSBEHEER REGIO ZUID,Braakman,Zeeuws-Vlaanderen,Zeeland-Zuid,Zeeland,62,1608,0,R2,N12.02,Braakman, , , , ,0, ,Braakman,19550312B004B,19550312,B004B, ,Afgesloten
64,9478,B54E0363,1,19550312B007,19550312,B007,24.0520547945,1.75,40180,372420,1992-12-03 00:00:00+01,1993-07-15 00:00:00+02,2017-07-28 00:00:00+02,527,0.33,0.73,-1.17,-1.67,Staatsbosbeheer,STAATSBOSBEHEER REGIO ZUID,STAATSBOSBEHEER REGIO ZUID,STAATSBOSBEHEER REGIO ZUID,Braakman,Zeeuws-Vlaanderen,Zeeland-Zuid,Zeeland,62,1608,0,R2,N12.02,Braakman, , , , ,0, ,Braakman,19550312B007,19550312,B007, ,Afgesloten
65,9479,B54E0364,1,19550312B008A,19550312,B008A,24.4712328767,1.38,40240,372340,1992-12-03 00:00:00+01,1993-07-15 00:00:00+02,2017-12-28 00:00:00+01,545,0.58,1.29,-0.55,-1.05,Staatsbosbeheer,STAATSBOSBEHEER REGIO ZUID,STAATSBOSBEHEER REGIO ZUID,STAATSBOSBEHEER REGIO ZUID,Braakman,Zeeuws-Vlaanderen,Zeeland-Zuid,Zeeland,62,1608,0,R2,N12.02,Braakman, , , , ,0, ,Braakman,19550312B008A,19550312,B008A, ,Afstoten
66,9480,B54E0364,2,19550312B008B,19550312,B008B,24.4712328767,6.92,40240,372340,1992-12-03 00:00:00+01,1993-07-15 00:00:00+02,2017-12-28 00:00:00+01,545,0.58,1.24,-6.09,-6.59,Staatsbosbeheer,STAATSBOSBEHEER REGIO ZUID,STAATSBOSBEHEER REGIO ZUID,STAATSBOSBEHEER REGIO ZUID,Braakman,Zeeuws-Vlaanderen,Zeeland-Zuid,Zeeland,62,1608,0,R2,N12.02,Braakman, , , , ,0, ,Braakman,19550312B008B,19550312,B008B, ,Afstoten
67,9481,B54E0365,1,19550312B009A,19550312,B009A,24.0520547945,1.12,40260,372240,1992-12-03 00:00:00+01,1993-07-15 00:00:00+02,2017-07-28 00:00:00+02,527,0.05,0.03,-0.82,-1.32,Staatsbosbeheer,STAATSBOSBEHEER REGIO ZUID,STAATSBOSBEHEER REGIO ZUID,STAATSBOSBEHEER REGIO ZUID,Braakman,Zeeuws-Vlaanderen,Zeeland-Zuid,Zeeland,62,1608,0,R2,N12.02,Braakman, , , , ,0, ,Braakman,19550312B009A,19550312,B009A, ,Afgesloten
68,9482,B54E0365,2,19550312B009B,19550312,B009B,24.0520547945,3.44,40260,372240,1992-12-03 00:00:00+01,1993-07-15 00:00:00+02,2017-07-28 00:00:00+02,527,0.05,0.01,-3.14,-3.64,Staatsbosbeheer,STAATSBOSBEHEER REGIO ZUID,STAATSBOSBEHEER REGIO ZUID,STAATSBOSBEHEER REGIO ZUID,Braakman,Zeeuws-Vlaanderen,Zeeland-Zuid,Zeeland,62,1608,0,R2,N12.02,Braakman, , , , ,0, ,Braakman,19550312B009B,19550312,B009B, ,Afgesloten
69,9474,B54E0361,1,19550312B005A,19550312,B005A,24.4712328767,3.12,40500,372645,1992-12-03 00:00:00+01,1993-07-15 00:00:00+02,2017-12-28 00:00:00+01,545,2.15,2.73,-0.72,-1.22,Staatsbosbeheer,STAATSBOSBEHEER REGIO ZUID,STAATSBOSBEHEER REGIO ZUID,STAATSBOSBEHEER REGIO ZUID,Braakman,Zeeuws-Vlaanderen,Zeeland-Zuid,Zeeland,62,1608,0,R2,N14.03,Braakman, , , , ,0, ,Braakman,19550312B005A,19550312,B005A, ,Afgesloten
70,9475,B54E0361,2,19550312B005B,19550312,B005B,24.4712328767,6.29,40500,372645,1992-12-03 00:00:00+01,1993-07-15 00:00:00+02,2017-12-28 00:00:00+01,545,2.15,2.68,-3.89,-4.39,Staatsbosbeheer,STAATSBOSBEHEER REGIO ZUID,STAATSBOSBEHEER REGIO ZUID,STAATSBOSBEHEER REGIO ZUID,Braakman,Zeeuws-Vlaanderen,Zeeland-Zuid,Zeeland,62,1608,0,R2,N14.03,Braakman, , , , ,0, ,Braakman,19550312B005B,19550312,B005B, ,Afgesloten
71,9492,B54G0066,1,19550308B001,19550308,B001,12.6356164384,0.9,45232,359565,2005-04-07 00:00:00+02,2005-05-13 00:00:00+02,2017-12-28 00:00:00+01,286,0.11,0.71,-0.04,-1.54,Staatsbosbeheer,STAATSBOSBEHEER REGIO ZUID,STAATSBOSBEHEER REGIO ZUID,STAATSBOSBEHEER REGIO ZUID,Zuiddorpe,Zeeuws-Vlaanderen,Zeeland-Zuid,Zeeland,62,1607,0,R2,N12.04,Canisvlietse Kreek,Canisvliet,HR, , ,0, ,Zuiddorpe (Canisvliet),19550308B001,19550308,B001, ,Afstoten
72,7344,B43C0391,1,19550210B061,19550210,B061,11.0465753425,0.78,60922,410957,2005-04-05 00:00:00+02,2005-04-14 00:00:00+02,2016-04-28 00:00:00+02,254,0.2,0.82,0.17,-1.33,Staatsbosbeheer,STAATSBOSBEHEER REGIO ZUID,STAATSBOSBEHEER REGIO ZUID,STAATSBOSBEHEER REGIO ZUID,Schouwen-Duiveland,Oosterschelde,Zeeland-Noord,Zeeland,60,1604,0,R2,N10.02,Dijkwater,Grevelingen,VR+HR,H0000,Geen habitatkartering,115,ja,Schouwen-Duiveland (Dijkwater),19550210B061,19550210,B061, ,Afstoten
73,7286,B42H0219,1,19550210B004A,19550210,B004A,21.304109589,1.75,59990,411230,1994-11-02 00:00:00+01,1995-01-13 00:00:00+01,2016-04-28 00:00:00+02,479,-0.14,0.71,-1.39,-2.39,Staatsbosbeheer,STAATSBOSBEHEER REGIO ZUID,STAATSBOSBEHEER REGIO ZUID,STAATSBOSBEHEER REGIO ZUID,Schouwen-Duiveland,Oosterschelde,Zeeland-Noord,Zeeland,60,1604,0,R2,N10.02,Dijkwater,Grevelingen,VR+HR,H0000,Geen habitatkartering,115,ja,Schouwen-Duiveland (Dijkwater),19550210B004A,19550210,B004A, ,Afstoten
74,7287,B42H0219,2,19550210B004B,19550210,B004B,21.304109589,7.22,59990,411230,1994-11-02 00:00:00+01,1995-01-13 00:00:00+01,2016-04-28 00:00:00+02,479,-0.14,0.64,-6.86,-7.86,Staatsbosbeheer,STAATSBOSBEHEER REGIO ZUID,STAATSBOSBEHEER REGIO ZUID,STAATSBOSBEHEER REGIO ZUID,Schouwen-Duiveland,Oosterschelde,Zeeland-Noord,Zeeland,60,1604,0,R2,N10.02,Dijkwater,Grevelingen,VR+HR,H0000,Geen habitatkartering,115,ja,Schouwen-Duiveland (Dijkwater),19550210B004B,19550210,B004B, ,Afstoten
75,7337,B43C0368,1,19550210B005,19550210,B005,21.304109589,1.45,60080,411160,1994-11-02 00:00:00+01,1995-01-13 00:00:00+01,2016-04-28 00:00:00+02,479,-0.36,0.44,-1.31,-2.31,Staatsbosbeheer,STAATSBOSBEHEER REGIO ZUID,STAATSBOSBEHEER REGIO ZUID,STAATSBOSBEHEER REGIO ZUID,Schouwen-Duiveland,Oosterschelde,Zeeland-Noord,Zeeland,60,1604,0,R2,N10.02,Dijkwater,Grevelingen,VR+HR,H0000,Geen habitatkartering,115,ja,Schouwen-Duiveland (Dijkwater),19550210B005,19550210,B005, ,Afstoten
76,7342,B43C0389,1,19550210B041,19550210,B041,11.0465753425,0.86,60036,411203,2005-04-05 00:00:00+02,2005-04-14 00:00:00+02,2016-04-28 00:00:00+02,252,-0.18,0.39,-0.29,-1.79,Staatsbosbeheer,STAATSBOSBEHEER REGIO ZUID,STAATSBOSBEHEER REGIO ZUID,STAATSBOSBEHEER REGIO ZUID,Schouwen-Duiveland,Oosterschelde,Zeeland-Noord,Zeeland,60,1604,0,R2,N10.02,Dijkwater,Grevelingen,VR+HR,H0000,Geen habitatkartering,115,ja,Schouwen-Duiveland (Dijkwater),19550210B041,19550210,B041, ,Afstoten
77,7343,B43C0390,1,19550210B042,19550210,B042,11.0465753425,0.9,60030,411219,2005-04-05 00:00:00+02,2005-04-14 00:00:00+02,2016-04-28 00:00:00+02,252,-0.17,0.43,-0.32,-1.82,Staatsbosbeheer,STAATSBOSBEHEER REGIO ZUID,STAATSBOSBEHEER REGIO ZUID,STAATSBOSBEHEER REGIO ZUID,Schouwen-Duiveland,Oosterschelde,Zeeland-Noord,Zeeland,60,1604,0,R2,N10.02,Dijkwater,Grevelingen,VR+HR,H0000,Geen habitatkartering,115,ja,Schouwen-Duiveland (Dijkwater),19550210B042,19550210,B042, ,Afstoten
78,7338,B43C0369,1,19550210B006A,19550210,B006A,21.304109589,1.32,60970,411010,1994-11-02 00:00:00+01,1995-01-13 00:00:00+01,2016-04-28 00:00:00+02,479,0.17,0.75,-0.65,-1.65,Staatsbosbeheer,STAATSBOSBEHEER REGIO ZUID,STAATSBOSBEHEER REGIO ZUID,STAATSBOSBEHEER REGIO ZUID,Schouwen-Duiveland,Oosterschelde,Zeeland-Noord,Zeeland,60,1604,0,R2,N10.02,Dijkwater,Grevelingen,VR+HR,H0000,Geen habitatkartering,115,ja,Schouwen-Duiveland (Dijkwater),19550210B006A,19550210,B006A, ,Afstoten
79,7339,B43C0369,2,19550210B006B,19550210,B006B,21.304109589,4.96,60970,411010,1994-11-02 00:00:00+01,1995-01-13 00:00:00+01,2016-04-28 00:00:00+02,479,0.17,0.71,-4.29,-5.29,Staatsbosbeheer,STAATSBOSBEHEER REGIO ZUID,STAATSBOSBEHEER REGIO ZUID,STAATSBOSBEHEER REGIO ZUID,Schouwen-Duiveland,Oosterschelde,Zeeland-Noord,Zeeland,60,1604,0,R2,N10.02,Dijkwater,Grevelingen,VR+HR,H0000,Geen habitatkartering,115,ja,Schouwen-Duiveland (Dijkwater),19550210B006B,19550210,B006B, ,Afstoten
80,7272,B42E0334,1,19550201B005,19550201,B005,21.304109589,6.75,41000,416100,1994-11-02 00:00:00+01,1995-01-13 00:00:00+01,2016-04-28 00:00:00+02,470,3.52,3.92,-2.73,-3.73,Staatsbosbeheer,STAATSBOSBEHEER REGIO ZUID,STAATSBOSBEHEER REGIO ZUID,STAATSBOSBEHEER REGIO ZUID,Kop van Schouwen,Kop van Schouwen,Zeeland-Noord,Zeeland,21,1602,0,R2,N11.01,Kop van Schouwen,Kop van Schouwen,HR+BN,H0000,Geen habitatkartering,116,ja,Kop van Schouwen,19550201B005,19550201,B005, ,Afstoten
81,7273,B42E0335,1,19550201B006A,19550201,B006A,21.304109589,1.06,40945,415550,1994-11-02 00:00:00+01,1995-01-13 00:00:00+01,2016-04-28 00:00:00+02,469,4.3,4.84,3.74,2.74,Staatsbosbeheer,STAATSBOSBEHEER REGIO ZUID,STAATSBOSBEHEER REGIO ZUID,STAATSBOSBEHEER REGIO ZUID,Kop van Schouwen,Kop van Schouwen,Zeeland-Noord,Zeeland,21,1602,0,R2,N11.01,Kop van Schouwen,Kop van Schouwen,HR+BN,H0000,Geen habitatkartering,116,ja,Kop van Schouwen,19550201B006A,19550201,B006A, ,Afstoten
82,7274,B42E0335,2,19550201B006B,19550201,B006B,21.304109589,3.58,40945,415550,1994-11-02 00:00:00+01,1995-01-13 00:00:00+01,2016-04-28 00:00:00+02,469,4.3,4.82,1.22,0.22,Staatsbosbeheer,STAATSBOSBEHEER REGIO ZUID,STAATSBOSBEHEER REGIO ZUID,STAATSBOSBEHEER REGIO ZUID,Kop van Schouwen,Kop van Schouwen,Zeeland-Noord,Zeeland,21,1602,0,R2,N11.01,Kop van Schouwen,Kop van Schouwen,HR+BN,H0000,Geen habitatkartering,116,ja,Kop van Schouwen,19550201B006B,19550201,B006B, ,Afstoten
83,7269,B42E0332,1,19550201B003,19550201,B003,21.304109589,2.45,42250,415630,1994-11-02 00:00:00+01,1995-01-13 00:00:00+01,2016-04-28 00:00:00+02,468,4.43,5.1,2.48,1.48,Staatsbosbeheer,STAATSBOSBEHEER REGIO ZUID,STAATSBOSBEHEER REGIO ZUID,STAATSBOSBEHEER REGIO ZUID,Kop van Schouwen,Kop van Schouwen,Zeeland-Noord,Zeeland,21,1602,0,R2,N08.02,Kop van Schouwen,Kop van Schouwen,HR+BN,H0000,Geen habitatkartering,116,ja,Kop van Schouwen,19550201B003,19550201,B003, ,Afstoten
84,7280,B42E0341,1,19550201B031,19550201,B031,10.9671232877,0.83,42260,415644,2005-04-06 00:00:00+02,2005-05-13 00:00:00+02,2016-04-28 00:00:00+02,246,4.21,4.84,4.13,2.63,Staatsbosbeheer,STAATSBOSBEHEER REGIO ZUID,STAATSBOSBEHEER REGIO ZUID,STAATSBOSBEHEER REGIO ZUID,Kop van Schouwen,Kop van Schouwen,Zeeland-Noord,Zeeland,21,1602,0,R2,N08.02,Kop van Schouwen,Kop van Schouwen,HR+BN,H0000,Geen habitatkartering,116,ja,Kop van Schouwen,19550201B031,19550201,B031, ,Afstoten
85,7281,B42E0342,1,19550201B032,19550201,B032,10.9671232877,0.8,42265,415644,2005-04-06 00:00:00+02,2005-05-13 00:00:00+02,2016-04-28 00:00:00+02,246,4.18,4.77,4.13,2.63,Staatsbosbeheer,STAATSBOSBEHEER REGIO ZUID,STAATSBOSBEHEER REGIO ZUID,STAATSBOSBEHEER REGIO ZUID,Kop van Schouwen,Kop van Schouwen,Zeeland-Noord,Zeeland,21,1602,0,R2,N08.02,Kop van Schouwen,Kop van Schouwen,HR+BN,H0000,Geen habitatkartering,116,ja,Kop van Schouwen,19550201B032,19550201,B032, ,Afstoten
86,7282,B42E0343,1,19550201B033,19550201,B033,10.9671232877,0.82,42282,415659,2005-04-06 00:00:00+02,2005-05-13 00:00:00+02,2016-04-28 00:00:00+02,246,3.99,4.55,3.92,2.42,Staatsbosbeheer,STAATSBOSBEHEER REGIO ZUID,STAATSBOSBEHEER REGIO ZUID,STAATSBOSBEHEER REGIO ZUID,Kop van Schouwen,Kop van Schouwen,Zeeland-Noord,Zeeland,21,1602,0,R2,N08.02,Kop van Schouwen,Kop van Schouwen,HR+BN,H0000,Geen habitatkartering,116,ja,Kop van Schouwen,19550201B033,19550201,B033, ,Afstoten
87,7277,B42E0337,1,19550203B003A,19550203,B003A,21.304109589,1.46,45455,418010,1994-11-04 00:00:00+01,1995-01-13 00:00:00+01,2016-04-28 00:00:00+02,469,1.54,2.08,0.58,-0.42,Staatsbosbeheer,STAATSBOSBEHEER REGIO ZUID,STAATSBOSBEHEER REGIO ZUID,STAATSBOSBEHEER REGIO ZUID,Kop van Schouwen,Kop van Schouwen,Zeeland-Noord,Zeeland,21,1602,0,R2,N12.04,Kop van Schouwen,Kop van Schouwen,HR,H2190D,Vochtige duinvalleien (hoge moerasplanten),116,ja,Kop van Schouwen,19550203B003A,19550203,B003A,B003a en ΓÇôb laatste 2 jaar filterverwisselingen,Afstoten
88,7278,B42E0337,2,19550203B003B,19550203,B003B,21.304109589,5.08,45455,418010,1994-11-04 00:00:00+01,1995-01-13 00:00:00+01,2016-04-28 00:00:00+02,469,1.54,2.04,-3.04,-4.04,Staatsbosbeheer,STAATSBOSBEHEER REGIO ZUID,STAATSBOSBEHEER REGIO ZUID,STAATSBOSBEHEER REGIO ZUID,Kop van Schouwen,Kop van Schouwen,Zeeland-Noord,Zeeland,21,1602,0,R2,N12.04,Kop van Schouwen,Kop van Schouwen,HR,H2190D,Vochtige duinvalleien (hoge moerasplanten),116,ja,Kop van Schouwen,19550203B003B,19550203,B003B, ,Afstoten
89,7279,B42E0338,1,19550203B004,19550203,B004,21.304109589,0.98,45440,418070,1994-11-04 00:00:00+01,1995-01-13 00:00:00+01,2016-04-28 00:00:00+02,469,1.64,2.33,1.16,0.16,Staatsbosbeheer,STAATSBOSBEHEER REGIO ZUID,STAATSBOSBEHEER REGIO ZUID,STAATSBOSBEHEER REGIO ZUID,Kop van Schouwen,Kop van Schouwen,Zeeland-Noord,Zeeland,21,1602,0,R2,N12.04,Kop van Schouwen,Kop van Schouwen,HR,H2190D,Vochtige duinvalleien (hoge moerasplanten),116,ja,Kop van Schouwen,19550203B004,19550203,B004, ,Afstoten
90,7270,B42E0333,1,19550201B004B,19550201,B004B,21.304109589,5.11,41850,416260,1994-11-02 00:00:00+01,1995-01-13 00:00:00+01,2016-04-28 00:00:00+02,469,5.55,6.34,0.94,-0.06,Staatsbosbeheer,STAATSBOSBEHEER REGIO ZUID,STAATSBOSBEHEER REGIO ZUID,STAATSBOSBEHEER REGIO ZUID,Kop van Schouwen,Kop van Schouwen,Zeeland-Noord,Zeeland,21,1602,0,R2,N11.01,Kop van Schouwen,Kop van Schouwen,HR+BN,H0000,Geen habitatkartering,116,ja,Kop van Schouwen,19550201B004B,19550201,B004B, ,Afstoten
91,7271,B42E0333,2,19550201B004A,19550201,B004A,21.304109589,1.19,41850,416260,1994-11-02 00:00:00+01,1995-01-13 00:00:00+01,2016-04-28 00:00:00+02,467,5.55,6.37,4.86,3.86,Staatsbosbeheer,STAATSBOSBEHEER REGIO ZUID,STAATSBOSBEHEER REGIO ZUID,STAATSBOSBEHEER REGIO ZUID,Kop van Schouwen,Kop van Schouwen,Zeeland-Noord,Zeeland,21,1602,0,R2,N11.01,Kop van Schouwen,Kop van Schouwen,HR+BN,H0000,Geen habitatkartering,116,ja,Kop van Schouwen,19550201B004A,19550201,B004A, ,Afstoten
92,7275,B42E0336,1,19550201B007A,19550201,B007A,21.304109589,1.44,41020,414970,1994-11-02 00:00:00+01,1995-01-13 00:00:00+01,2016-04-28 00:00:00+02,469,4.9,5.6,3.96,2.96,Staatsbosbeheer,STAATSBOSBEHEER REGIO ZUID,STAATSBOSBEHEER REGIO ZUID,STAATSBOSBEHEER REGIO ZUID,Kop van Schouwen,Kop van Schouwen,Zeeland-Noord,Zeeland,21,1602,0,R2,N16.04,Kop van Schouwen,Kop van Schouwen,HR+BN,H0000,Geen habitatkartering,116,ja,Kop van Schouwen,19550201B007A,19550201,B007A, ,Afstoten
93,7276,B42E0336,2,19550201B007B,19550201,B007B,21.304109589,6.52,41020,414970,1994-11-02 00:00:00+01,1995-01-13 00:00:00+01,2016-04-28 00:00:00+02,469,4.9,5.58,-1.12,-2.12,Staatsbosbeheer,STAATSBOSBEHEER REGIO ZUID,STAATSBOSBEHEER REGIO ZUID,STAATSBOSBEHEER REGIO ZUID,Kop van Schouwen,Kop van Schouwen,Zeeland-Noord,Zeeland,21,1602,0,R2,N16.04,Kop van Schouwen,Kop van Schouwen,HR+BN,H0000,Geen habitatkartering,116,ja,Kop van Schouwen,19550201B007B,19550201,B007B, ,Afstoten
94,7222,B42D0538,1,81151202B002,81151202,B002,21.8602739726,5.47,32730,401090,1994-11-10 00:00:00+01,1995-01-13 00:00:00+01,2016-11-17 00:00:00+01,348,0.78,1.39,-4.19,-5.19,TNO Geologische Dienst Nederland,STAATSBOSBEHEER REGIO ZUID,STAATSBOSBEHEER REGIO ZUID,Provincie Zeeland,Walcheren,Walcheren,Zeeland-Zuid,Zeeland,144,1596,0,R2,N08.02,Oranjezon/Manteling,Manteling van Walcheren,HR+BN,H2130B,Grijze duinen (kalkarm),117,ja, , ,0, , ,Afstoten
95,7358,B43D0297,1,81152112B003A,81152112,B003A,20.5205479452,0.935,70158,402015,1995-09-27 00:00:00+01,1995-10-27 00:00:00+01,2016-04-29 00:00:00+02,458,1.61,2.18,0.9,0.45,Staatsbosbeheer,STAATSBOSBEHEER REGIO ZUID,STAATSBOSBEHEER REGIO ZUID,STAATSBOSBEHEER REGIO ZUID,Tholen,Oosterschelde,Zeeland-Noord,Zeeland,60,1603,0,R2,N10.02,Van Haaftenpolder,Oosterschelde,VR+HR+BN,H0000,Geen habitatkartering,118,ja,Tholen,81152112B003A,81152112,B003A, ,Afstoten
96,7359,B43D0297,2,81152112B003B,81152112,B003B,20.5205479452,4.64,70158,402015,1995-09-27 00:00:00+01,1995-10-27 00:00:00+01,2016-04-29 00:00:00+02,458,1.61,2.12,-2.78,-3.28,Staatsbosbeheer,STAATSBOSBEHEER REGIO ZUID,STAATSBOSBEHEER REGIO ZUID,STAATSBOSBEHEER REGIO ZUID,Tholen,Oosterschelde,Zeeland-Noord,Zeeland,60,1603,0,R2,N10.02,Van Haaftenpolder,Oosterschelde,VR+HR+BN,H0000,Geen habitatkartering,118,ja,Tholen,81152112B003B,81152112,B003B, ,Afstoten
97,7360,B43D0298,1,81152112B004A,81152112,B004A,20.5205479452,0.78,70519,401737,1995-09-27 00:00:00+01,1995-10-27 00:00:00+01,2016-04-29 00:00:00+02,458,1.86,2.44,1.33,0.83,Staatsbosbeheer,STAATSBOSBEHEER REGIO ZUID,STAATSBOSBEHEER REGIO ZUID,STAATSBOSBEHEER REGIO ZUID,Tholen,Oosterschelde,Zeeland-Noord,Zeeland,60,1603,0,R2,N12.02,Van Haaftenpolder,Oosterschelde,VR+HR+BN,H0000,Geen habitatkartering,118,ja,Tholen,81152112B004A,81152112,B004A, ,Afgesloten
98,7361,B43D0298,2,81152112B004B,81152112,B004B,20.5205479452,4.56,70519,401737,1995-09-27 00:00:00+01,1995-10-27 00:00:00+01,2016-04-29 00:00:00+02,458,1.86,2.35,-2.45,-2.95,Staatsbosbeheer,STAATSBOSBEHEER REGIO ZUID,STAATSBOSBEHEER REGIO ZUID,STAATSBOSBEHEER REGIO ZUID,Tholen,Oosterschelde,Zeeland-Noord,Zeeland,60,1603,0,R2,N12.02,Van Haaftenpolder,Oosterschelde,VR+HR+BN,H0000,Geen habitatkartering,118,ja,Tholen,81152112B004B,81152112,B004B, ,Afgesloten
99,7292,B42H0222,1,19550204B006A,19550204,B006A,21.304109589,1.3,57390,404110,1994-11-04 00:00:00+01,1995-01-13 00:00:00+01,2016-04-28 00:00:00+02,475,-1.12,-0.42,-1.92,-2.92,Staatsbosbeheer,STAATSBOSBEHEER REGIO ZUID,STAATSBOSBEHEER REGIO ZUID,STAATSBOSBEHEER REGIO ZUID,Schouwen-Duiveland,Oosterschelde,Zeeland-Noord,Zeeland,60,1604,0,R2,N04.03,Krekengebied Ouwerkerk,Oosterschelde,VR+HR+BN,H0000,Geen habitatkartering,118,ja,Schouwen-Duiveland (Dijkwater),19550204B006A,19550204,B006A, ,Afgesloten
100,7293,B42H0222,2,19550204B006B,19550204,B006B,21.304109589,4.23,57390,404110,1994-11-04 00:00:00+01,1995-01-13 00:00:00+01,2016-04-28 00:00:00+02,475,-1.12,-0.45,-4.85,-5.85,Staatsbosbeheer,STAATSBOSBEHEER REGIO ZUID,STAATSBOSBEHEER REGIO ZUID,STAATSBOSBEHEER REGIO ZUID,Schouwen-Duiveland,Oosterschelde,Zeeland-Noord,Zeeland,60,1604,0,R2,N04.03,Krekengebied Ouwerkerk,Oosterschelde,VR+HR+BN,H0000,Geen habitatkartering,118,ja,Schouwen-Duiveland (Dijkwater),19550204B006B,19550204,B006B, ,Afgesloten
101,7290,B42H0221,1,19550204B005A,19550204,B005A,21.304109589,0.79,57160,404060,1994-11-04 00:00:00+01,1995-01-13 00:00:00+01,2016-04-28 00:00:00+02,475,-1.42,-0.61,-1.71,-2.71,Staatsbosbeheer,STAATSBOSBEHEER REGIO ZUID,STAATSBOSBEHEER REGIO ZUID,STAATSBOSBEHEER REGIO ZUID,Schouwen-Duiveland,Oosterschelde,Zeeland-Noord,Zeeland,60,1604,0,R2,N12.04,Krekengebied Ouwerkerk,Oosterschelde,VR+HR+BN,H0000,Geen habitatkartering,118,ja,Schouwen-Duiveland (Dijkwater),19550204B005A,19550204,B005A, ,Afgesloten
102,7291,B42H0221,2,19550204B005B,19550204,B005B,21.304109589,4.03,57160,404060,1994-11-04 00:00:00+01,1995-01-13 00:00:00+01,2016-04-28 00:00:00+02,475,-1.42,-0.65,-4.95,-5.95,Staatsbosbeheer,STAATSBOSBEHEER REGIO ZUID,STAATSBOSBEHEER REGIO ZUID,STAATSBOSBEHEER REGIO ZUID,Schouwen-Duiveland,Oosterschelde,Zeeland-Noord,Zeeland,60,1604,0,R2,N12.04,Krekengebied Ouwerkerk,Oosterschelde,VR+HR+BN,H0000,Geen habitatkartering,118,ja,Schouwen-Duiveland (Dijkwater),19550204B005B,19550204,B005B, ,Afgesloten
103,7288,B42H0220,1,19550204B004A,19550204,B004A,21.304109589,0.85,56960,404025,1994-11-04 00:00:00+01,1995-01-13 00:00:00+01,2016-04-28 00:00:00+02,480,-1.48,-0.83,-1.83,-2.83,Staatsbosbeheer,STAATSBOSBEHEER REGIO ZUID,STAATSBOSBEHEER REGIO ZUID,STAATSBOSBEHEER REGIO ZUID,Schouwen-Duiveland,Oosterschelde,Zeeland-Noord,Zeeland,60,1604,0,R2,N12.04,Krekengebied Ouwerkerk,Oosterschelde,VR+HR+BN,H1330B,Schorren en zilte graslanden (binnendijks),118,ja,Schouwen-Duiveland (Dijkwater),19550204B004A,19550204,B004A, ,Afgesloten
104,7289,B42H0220,2,19550204B004B,19550204,B004B,21.304109589,3.98,56960,404025,1994-11-04 00:00:00+01,1995-01-13 00:00:00+01,2016-04-28 00:00:00+02,475,-1.48,-0.86,-4.96,-5.96,Staatsbosbeheer,STAATSBOSBEHEER REGIO ZUID,STAATSBOSBEHEER REGIO ZUID,STAATSBOSBEHEER REGIO ZUID,Schouwen-Duiveland,Oosterschelde,Zeeland-Noord,Zeeland,60,1604,0,R2,N12.04,Krekengebied Ouwerkerk,Oosterschelde,VR+HR+BN,H1330B,Schorren en zilte graslanden (binnendijks),118,ja,Schouwen-Duiveland (Dijkwater),19550204B004B,19550204,B004B, ,Afgesloten
105,8185,B48F0232,1,81151211B004A,81151211,B004A,20.6383561644,4.97,58615,389021,1989-10-01 00:00:00+01,1997-04-14 00:00:00+02,2017-11-28 00:00:00+01,422,-1.11,-0.41,-5.58,-6.58,Staatsbosbeheer,STAATSBOSBEHEER REGIO ZUID,STAATSBOSBEHEER REGIO ZUID,STAATSBOSBEHEER REGIO ZUID,Zuid-Beveland,Zuid-Beveland,Zeeland-Zuid,Zeeland,61,1598,0,R2,N12.04,Yerseke en Kapelse Moer,Yerseke en Kapelse Moer,VR+HR,H0000,Geen habitatkartering,121,ja,Zuid Beveland (Kapelse Moer),81151211B004A,81151211,B004A, ,Afstoten
106,8186,B48F0232,2,81151211B004B,81151211,B004B,20.6383561644,8.96,58615,389021,1989-10-01 00:00:00+01,1997-04-14 00:00:00+02,2017-11-28 00:00:00+01,421,-1.11,-0.45,-9.57,-10.57,Staatsbosbeheer,STAATSBOSBEHEER REGIO ZUID,STAATSBOSBEHEER REGIO ZUID,STAATSBOSBEHEER REGIO ZUID,Zuid-Beveland,Zuid-Beveland,Zeeland-Zuid,Zeeland,61,1598,0,R2,N12.04,Yerseke en Kapelse Moer,Yerseke en Kapelse Moer,VR+HR,H0000,Geen habitatkartering,121,ja,Zuid Beveland (Kapelse Moer),81151211B004B,81151211,B004B, ,Afstoten
107,8187,B48F0232,3,81151211B004C,81151211,B004C,20.6383561644,14,58615,389021,1989-10-01 00:00:00+01,1997-04-14 00:00:00+02,2017-11-28 00:00:00+01,421,-1.11,-0.49,-14.61,-15.61,Staatsbosbeheer,STAATSBOSBEHEER REGIO ZUID,STAATSBOSBEHEER REGIO ZUID,STAATSBOSBEHEER REGIO ZUID,Zuid-Beveland,Zuid-Beveland,Zeeland-Zuid,Zeeland,61,1598,0,R2,N12.04,Yerseke en Kapelse Moer,Yerseke en Kapelse Moer,VR+HR,H0000,Geen habitatkartering,121,ja,Zuid Beveland (Kapelse Moer),81151211B004C,81151211,B004C, ,Afstoten
108,8191,B48F0234,1,81151211B006A,81151211,B006A,20.6383561644,0,58205,388337,1997-04-01 00:00:00+02,1997-04-14 00:00:00+02,2017-11-28 00:00:00+01,424,0,0,0,0,Staatsbosbeheer,STAATSBOSBEHEER REGIO ZUID,STAATSBOSBEHEER REGIO ZUID,STAATSBOSBEHEER REGIO ZUID,Zuid-Beveland,Zuid-Beveland,Zeeland-Zuid,Zeeland,61,1598,0,R2,N12.04,Yerseke en Kapelse Moer,Yerseke en Kapelse Moer,VR+HR,H0000,Geen habitatkartering,121,ja,Zuid Beveland (Kapelse Moer),81151211B006A,81151211,B006A, ,Afstoten
109,8192,B48F0234,2,81151211B006B,81151211,B006B,20.6383561644,0,58205,388337,1997-04-01 00:00:00+02,1997-04-14 00:00:00+02,2017-11-28 00:00:00+01,424,0,0,0,0,Staatsbosbeheer,STAATSBOSBEHEER REGIO ZUID,STAATSBOSBEHEER REGIO ZUID,STAATSBOSBEHEER REGIO ZUID,Zuid-Beveland,Zuid-Beveland,Zeeland-Zuid,Zeeland,61,1598,0,R2,N12.04,Yerseke en Kapelse Moer,Yerseke en Kapelse Moer,VR+HR,H0000,Geen habitatkartering,121,ja,Zuid Beveland (Kapelse Moer),81151211B006B,81151211,B006B, ,Afstoten
110,8193,B48F0249,1,81151211B041,81151211,B041,9.87945205479,0.88,58615,389020,2005-04-05 00:00:00+02,2008-01-14 00:00:00+01,2017-11-28 00:00:00+01,198,-1.28,-0.78,-1.41,-2.91,Staatsbosbeheer,STAATSBOSBEHEER REGIO ZUID,STAATSBOSBEHEER REGIO ZUID,STAATSBOSBEHEER REGIO ZUID,Zuid-Beveland,Zuid-Beveland,Zeeland-Zuid,Zeeland,61,1598,0,R2,N12.04,Yerseke en Kapelse Moer,Yerseke en Kapelse Moer,VR+HR,H0000,Geen habitatkartering,121,ja,Zuid Beveland (Kapelse Moer),81151211B041,81151211,B041, ,Afstoten
111,8176,B48F0229,1,81151211B001A,81151211,B001A,20.6383561644,14.36,58203,390250,1989-10-01 00:00:00+01,1997-04-14 00:00:00+02,2017-11-28 00:00:00+01,426,-1.31,-0.28,-15.17,-16.17,Staatsbosbeheer,STAATSBOSBEHEER REGIO ZUID,STAATSBOSBEHEER REGIO ZUID,STAATSBOSBEHEER REGIO ZUID,Zuid-Beveland,Zuid-Beveland,Zeeland-Zuid,Zeeland,61,1598,0,R2,N12.04,Yerseke en Kapelse Moer,Yerseke en Kapelse Moer,VR+HR,H1330B,Schorren en zilte graslanden (binnendijks),121,ja,Zuid Beveland (Kapelse Moer),81151211B001A,81151211,B001A, ,Afstoten
112,8177,B48F0229,2,81151211B001B,81151211,B001B,20.6383561644,9.7,58203,390250,1989-10-01 00:00:00+01,1997-04-14 00:00:00+02,2017-11-28 00:00:00+01,428,-1.31,-0.31,-10.51,-11.51,Staatsbosbeheer,STAATSBOSBEHEER REGIO ZUID,STAATSBOSBEHEER REGIO ZUID,STAATSBOSBEHEER REGIO ZUID,Zuid-Beveland,Zuid-Beveland,Zeeland-Zuid,Zeeland,61,1598,0,R2,N12.04,Yerseke en Kapelse Moer,Yerseke en Kapelse Moer,VR+HR,H1330B,Schorren en zilte graslanden (binnendijks),121,ja,Zuid Beveland (Kapelse Moer),81151211B001B,81151211,B001B, ,Afstoten
113,8178,B48F0229,3,81151211B001C,81151211,B001C,20.6383561644,5.87,58203,390250,1989-10-01 00:00:00+01,1997-04-14 00:00:00+02,2017-11-28 00:00:00+01,426,-1.31,-0.34,-6.68,-7.68,Staatsbosbeheer,STAATSBOSBEHEER REGIO ZUID,STAATSBOSBEHEER REGIO ZUID,STAATSBOSBEHEER REGIO ZUID,Zuid-Beveland,Zuid-Beveland,Zeeland-Zuid,Zeeland,61,1598,0,R2,N12.04,Yerseke en Kapelse Moer,Yerseke en Kapelse Moer,VR+HR,H1330B,Schorren en zilte graslanden (binnendijks),121,ja,Zuid Beveland (Kapelse Moer),81151211B001C,81151211,B001C, ,Afstoten
